{
  "Prompt2Peptide": {
    "cationic_amphipathic_helix": {
      "summary": {
        "n": 100,
        "coverage": 0.84,
        "validity": 0.6428571428571429,
        "novelty": 1.0,
        "diversity": 0.7337507077095716,
        "safety_rate": 0.67,
        "feasibility_rate": 0.84,
        "safety_at_feasibility": 0.6428571428571429,
        "mean_identity": 0.41194047982473836
      },
      "n_sequences": 100
    },
    "soluble_acidic_loop": {
      "summary": {
        "n": 100,
        "coverage": 0.96,
        "validity": 0.6354166666666666,
        "novelty": 1.0,
        "diversity": 0.783617421114493,
        "safety_rate": 0.65,
        "feasibility_rate": 0.96,
        "safety_at_feasibility": 0.6354166666666666,
        "mean_identity": 0.2916835245897098
      },
      "n_sequences": 100
    },
    "hydrophobic_beta_sheet": {
      "summary": {
        "n": 100,
        "coverage": 0.91,
        "validity": 0.5934065934065934,
        "novelty": 1.0,
        "diversity": 0.7673961799480876,
        "safety_rate": 0.61,
        "feasibility_rate": 0.91,
        "safety_at_feasibility": 0.5934065934065934,
        "mean_identity": 0.3518598546962839
      },
      "n_sequences": 100
    },
    "polar_flexible_linker": {
      "summary": {
        "n": 100,
        "coverage": 0.95,
        "validity": 0.6736842105263158,
        "novelty": 1.0,
        "diversity": 0.7790565699052462,
        "safety_rate": 0.67,
        "feasibility_rate": 0.95,
        "safety_at_feasibility": 0.6736842105263158,
        "mean_identity": 0.3123027991212387
      },
      "n_sequences": 100
    },
    "basic_nuclear_localization": {
      "summary": {
        "n": 100,
        "coverage": 0.11,
        "validity": 0.2727272727272727,
        "novelty": 1.0,
        "diversity": 0.6806796610567711,
        "safety_rate": 0.73,
        "feasibility_rate": 0.11,
        "safety_at_feasibility": 0.2727272727272727,
        "mean_identity": 0.420885531021229
      },
      "n_sequences": 100
    }
  },
  "Single-Phase SA": {
    "cationic_amphipathic_helix": {
      "summary": {
        "n": 100,
        "coverage": 0.95,
        "validity": 0.5578947368421052,
        "novelty": 1.0,
        "diversity": 0.7367459235474247,
        "safety_rate": 0.54,
        "feasibility_rate": 0.95,
        "safety_at_feasibility": 0.5578947368421052,
        "mean_identity": 0.40751128581863205
      },
      "n_sequences": 100
    },
    "soluble_acidic_loop": {
      "summary": {
        "n": 100,
        "coverage": 0.95,
        "validity": 0.5894736842105263,
        "novelty": 1.0,
        "diversity": 0.7805832784324355,
        "safety_rate": 0.58,
        "feasibility_rate": 0.95,
        "safety_at_feasibility": 0.5894736842105263,
        "mean_identity": 0.3043587062457555
      },
      "n_sequences": 100
    },
    "hydrophobic_beta_sheet": {
      "summary": {
        "n": 100,
        "coverage": 0.95,
        "validity": 0.6421052631578947,
        "novelty": 1.0,
        "diversity": 0.765551150929323,
        "safety_rate": 0.64,
        "feasibility_rate": 0.95,
        "safety_at_feasibility": 0.6421052631578947,
        "mean_identity": 0.3464837507461676
      },
      "n_sequences": 100
    },
    "polar_flexible_linker": {
      "summary": {
        "n": 100,
        "coverage": 0.93,
        "validity": 0.6236559139784946,
        "novelty": 1.0,
        "diversity": 0.7779438506142351,
        "safety_rate": 0.64,
        "feasibility_rate": 0.93,
        "safety_at_feasibility": 0.6236559139784946,
        "mean_identity": 0.31667504713750616
      },
      "n_sequences": 100
    },
    "basic_nuclear_localization": {
      "summary": {
        "n": 100,
        "coverage": 0.0,
        "validity": 0,
        "novelty": 1.0,
        "diversity": 0.7860116591358031,
        "safety_rate": 0.73,
        "feasibility_rate": 0.0,
        "safety_at_feasibility": 0,
        "mean_identity": 0.3245635944055247
      },
      "n_sequences": 100
    }
  },
  "Random GA": {
    "cationic_amphipathic_helix": {
      "summary": {
        "n": 100,
        "coverage": 0.96,
        "validity": 0.6458333333333334,
        "novelty": 1.0,
        "diversity": 0.721192040854973,
        "safety_rate": 0.65,
        "feasibility_rate": 0.96,
        "safety_at_feasibility": 0.6458333333333334,
        "mean_identity": 0.4230063649607809
      },
      "n_sequences": 100
    },
    "soluble_acidic_loop": {
      "summary": {
        "n": 100,
        "coverage": 0.97,
        "validity": 0.6391752577319587,
        "novelty": 1.0,
        "diversity": 0.747970882973545,
        "safety_rate": 0.64,
        "feasibility_rate": 0.97,
        "safety_at_feasibility": 0.6391752577319587,
        "mean_identity": 0.2963077246383185
      },
      "n_sequences": 100
    },
    "hydrophobic_beta_sheet": {
      "summary": {
        "n": 100,
        "coverage": 0.96,
        "validity": 0.65625,
        "novelty": 1.0,
        "diversity": 0.7548090964935685,
        "safety_rate": 0.66,
        "feasibility_rate": 0.96,
        "safety_at_feasibility": 0.65625,
        "mean_identity": 0.3581086681634825
      },
      "n_sequences": 100
    },
    "polar_flexible_linker": {
      "summary": {
        "n": 100,
        "coverage": 0.99,
        "validity": 0.696969696969697,
        "novelty": 1.0,
        "diversity": 0.7762862696030892,
        "safety_rate": 0.7,
        "feasibility_rate": 0.99,
        "safety_at_feasibility": 0.696969696969697,
        "mean_identity": 0.33180022153815636
      },
      "n_sequences": 100
    },
    "basic_nuclear_localization": {
      "summary": {
        "n": 100,
        "coverage": 0.4,
        "validity": 0.7,
        "novelty": 0.99,
        "diversity": 0.6819763067361531,
        "safety_rate": 0.72,
        "feasibility_rate": 0.4,
        "safety_at_feasibility": 0.7,
        "mean_identity": 0.43309732831325193
      },
      "n_sequences": 100
    }
  },
  "Random+Filter": {
    "cationic_amphipathic_helix": {
      "summary": {
        "n": 100,
        "coverage": 0.94,
        "validity": 0.648936170212766,
        "novelty": 1.0,
        "diversity": 0.7316249504858486,
        "safety_rate": 0.63,
        "feasibility_rate": 0.94,
        "safety_at_feasibility": 0.648936170212766,
        "mean_identity": 0.40578115553253696
      },
      "n_sequences": 100
    },
    "soluble_acidic_loop": {
      "summary": {
        "n": 100,
        "coverage": 0.68,
        "validity": 0.5441176470588235,
        "novelty": 1.0,
        "diversity": 0.7421436981238223,
        "safety_rate": 0.6,
        "feasibility_rate": 0.68,
        "safety_at_feasibility": 0.5441176470588235,
        "mean_identity": 0.2917451331863456
      },
      "n_sequences": 100
    },
    "hydrophobic_beta_sheet": {
      "summary": {
        "n": 100,
        "coverage": 0.97,
        "validity": 0.5876288659793815,
        "novelty": 1.0,
        "diversity": 0.7579585992764342,
        "safety_rate": 0.59,
        "feasibility_rate": 0.97,
        "safety_at_feasibility": 0.5876288659793815,
        "mean_identity": 0.36163340824178397
      },
      "n_sequences": 100
    },
    "polar_flexible_linker": {
      "summary": {
        "n": 100,
        "coverage": 1.0,
        "validity": 0.65,
        "novelty": 1.0,
        "diversity": 0.7727218078252331,
        "safety_rate": 0.65,
        "feasibility_rate": 1.0,
        "safety_at_feasibility": 0.65,
        "mean_identity": 0.3218156285063938
      },
      "n_sequences": 100
    },
    "basic_nuclear_localization": {
      "summary": {
        "n": 100,
        "coverage": 0.03,
        "validity": 0.6666666666666666,
        "novelty": 1.0,
        "diversity": 0.7001874568603631,
        "safety_rate": 0.65,
        "feasibility_rate": 0.03,
        "safety_at_feasibility": 0.6666666666666666,
        "mean_identity": 0.41100924991728277
      },